<?xml version="1.0" encoding="UTF-8" ?>
<!DOCTYPE ViewObject SYSTEM "jbo_03_01.dtd">
<!---->
<ViewObject
  xmlns="http://xmlns.oracle.com/bc4j"
  Name="AccessToMeCH1"
  Version="12.2.1.20.47"
  InheritPersonalization="merge"
  BindingStyle="OracleName"
  CustomQuery="true"
  PageIterMode="Full">
  <DesignTime>
    <Attr Name="_isExpertMode" Value="true"/>
  </DesignTime>
  <Properties>
    <SchemaBasedProperties>
      <LABEL
        ResId="vpomodel.vo.AccessToMeCH1_LABEL"/>
    </SchemaBasedProperties>
  </Properties>
  <Variable
    Name="toMePersonelId"
    Kind="where"
    Type="java.lang.String"/>
  <SQLQuery><![CDATA[SELECT DISTINCT ToMe.*  FROM  (SELECT        DISTINCT    
    PD.PERSONNEL_USER_ID "USERID"          
    ,PD.FIRST_NAME || ' ' || PD.SURNAME "NAME"          
    ,PD.EMAIL_ADDRESS "EMAIL"          
    ,GET_PERSONNEL_ROLE_DESC(PD.PERSONNEL_USER_ID) "RoleDesc"         
    ,URD.START_DATE "FROM DATE"          
    ,URD.END_DATE "TO_DATE"          
    ,URD.FROM_USER_ID          
    ,URD.TO_USER_ID          
    ,URD.DELEGATION_ID           
    ,URD.UR_DELEGATION_FLAG       
    ,(NVL(ssd.STUDY_SITE_DELEGATION_ID/ssd.STUDY_SITE_DELEGATION_ID,0) +    
    NVL((CD.country_DELEGATION_ID/CD.country_DELEGATION_ID)*2,0)) IDENTIFY_DELEGATION     
    ,URD.CREATED_DATE    
    FROM USER_ROLE_DELEGATION URD,PERSONNEL_DETAILS PD,USER_MASTER UM, study_site_delegation ssd     ,COUNTRY_DELEGATION CD    
    WHERE URD.UR_DELEGATION_FLAG IN ('D','R')          
    AND PD.PERSONNEL_ID=UM.PERSONNEL_ID           
    AND URD.FROM_USER_ID=UM.USER_ID          
    AND URD.DELEGATION_ID=ssd.DELGATION_ID (+)     
    AND URD.DELEGATION_ID=CD.DELEGATION_ID (+)     
    AND URD.TO_USER_ID=          
    (SELECT UM.USER_ID          
    FROM USER_MASTER UM          
    WHERE UM.PERSONNEL_ID=(          
    SELECT PD.PERSONNEL_ID          
    FROM PERSONNEL_DETAILS PD          
    WHERE PD.PERSONNEL_USER_ID like :toMePersonelId))) ToMe     
    ORDER BY ToMe.CREATED_DATE DESC]]></SQLQuery>
  <ViewAttribute
    Name="Userid"
    IsUpdateable="false"
    IsPersistent="false"
    PrecisionRule="true"
    Precision="50"
    Type="java.lang.String"
    ColumnType="VARCHAR2"
    AliasName="USERID"
    Expression="USERID"
    SQLType="VARCHAR">
    <DesignTime>
      <Attr Name="_DisplaySize" Value="50"/>
    </DesignTime>
  </ViewAttribute>
  <ViewAttribute
    Name="Name"
    IsUpdateable="false"
    IsPersistent="false"
    PrecisionRule="true"
    Precision="60"
    Type="java.lang.String"
    ColumnType="VARCHAR2"
    AliasName="NAME"
    Expression="NAME"
    SQLType="VARCHAR">
    <DesignTime>
      <Attr Name="_DisplaySize" Value="60"/>
    </DesignTime>
  </ViewAttribute>
  <ViewAttribute
    Name="Email"
    IsUpdateable="false"
    IsPersistent="false"
    PrecisionRule="true"
    Precision="120"
    Type="java.lang.String"
    ColumnType="VARCHAR2"
    AliasName="EMAIL"
    Expression="EMAIL"
    SQLType="VARCHAR">
    <DesignTime>
      <Attr Name="_DisplaySize" Value="120"/>
    </DesignTime>
  </ViewAttribute>
  <ViewAttribute
    Name="Roledesc"
    IsUpdateable="false"
    IsPersistent="false"
    PrecisionRule="true"
    Precision="4000"
    Type="java.lang.String"
    ColumnType="VARCHAR2"
    AliasName='"RoleDesc"'
    Expression='"RoleDesc"'
    SQLType="VARCHAR">
    <DesignTime>
      <Attr Name="_DisplaySize" Value="4000"/>
    </DesignTime>
  </ViewAttribute>
  <ViewAttribute
    Name="FromDate"
    IsUpdateable="false"
    IsPersistent="false"
    PrecisionRule="true"
    Precision="50"
    Type="java.lang.String"
    ColumnType="VARCHAR2"
    AliasName='"FROM DATE"'
    Expression='"FROM DATE"'
    SQLType="VARCHAR">
    <DesignTime>
      <Attr Name="_DisplaySize" Value="50"/>
    </DesignTime>
  </ViewAttribute>
  <ViewAttribute
    Name="ToDate"
    IsUpdateable="false"
    IsPersistent="false"
    PrecisionRule="true"
    Precision="50"
    Type="java.lang.String"
    ColumnType="VARCHAR2"
    AliasName="TO_DATE"
    Expression="TO_DATE"
    SQLType="VARCHAR">
    <DesignTime>
      <Attr Name="_DisplaySize" Value="50"/>
    </DesignTime>
  </ViewAttribute>
  <ViewAttribute
    Name="FromUserId"
    IsUpdateable="false"
    IsPersistent="false"
    PrecisionRule="true"
    Type="java.math.BigDecimal"
    ColumnType="NUMBER"
    AliasName="FROM_USER_ID"
    Expression="FROM_USER_ID"
    SQLType="NUMERIC"/>
  <ViewAttribute
    Name="ToUserId"
    IsUpdateable="false"
    IsPersistent="false"
    PrecisionRule="true"
    Type="java.math.BigDecimal"
    ColumnType="NUMBER"
    AliasName="TO_USER_ID"
    Expression="TO_USER_ID"
    SQLType="NUMERIC"/>
  <ViewAttribute
    Name="DelegationId"
    IsUpdateable="false"
    IsPersistent="false"
    PrecisionRule="true"
    Type="java.math.BigDecimal"
    ColumnType="NUMBER"
    AliasName="DELEGATION_ID"
    Expression="DELEGATION_ID"
    SQLType="NUMERIC"/>
  <ViewAttribute
    Name="UrDelegationFlag"
    IsUpdateable="false"
    IsPersistent="false"
    PrecisionRule="true"
    Precision="3"
    Type="java.lang.String"
    ColumnType="VARCHAR2"
    AliasName="UR_DELEGATION_FLAG"
    Expression="UR_DELEGATION_FLAG"
    SQLType="VARCHAR">
    <DesignTime>
      <Attr Name="_DisplaySize" Value="3"/>
    </DesignTime>
  </ViewAttribute>
  <ViewAttribute
    Name="IdentifyDelegation"
    IsUpdateable="false"
    IsPersistent="false"
    PrecisionRule="true"
    Type="java.math.BigDecimal"
    ColumnType="NUMBER"
    AliasName="IDENTIFY_DELEGATION"
    Expression="IDENTIFY_DELEGATION"
    SQLType="NUMERIC"/>
  <ViewAttribute
    Name="CreatedDate"
    IsUpdateable="false"
    IsPersistent="false"
    PrecisionRule="true"
    Type="java.sql.Timestamp"
    ColumnType="DATE"
    AliasName="CREATED_DATE"
    Expression="CREATED_DATE"
    SQLType="DATE"/>
  <AttrArray Name="KeyAttributes">
    <Item Value="Userid"/>
  </AttrArray>
  <ResourceBundle>
    <PropertiesBundle
      PropertiesFile="vpomodel.VPORESTModelBundle"/>
  </ResourceBundle>
</ViewObject>
