<?xml version="1.0" encoding="UTF-8" ?>
<!DOCTYPE ViewObject SYSTEM "jbo_03_01.dtd">
<!---->
<ViewObject
  xmlns="http://xmlns.oracle.com/bc4j"
  Name="CountryDetails"
  Version="12.2.1.9.14"
  InheritPersonalization="merge"
  BindingStyle="OracleName"
  CustomQuery="true"
  PageIterMode="Full">
  <DesignTime>
    <Attr Name="_isExpertMode" Value="true"/>
  </DesignTime>
  <Properties>
    <SchemaBasedProperties>
      <LABEL
        ResId="vpomodel.vo.CountryDetails_LABEL"/>
    </SchemaBasedProperties>
  </Properties>
  <Variable
    Name="regionIdIn"
    Kind="where"
    Type="java.lang.String"/>
  <Variable
    Name="countryIdIn"
    Kind="where"
    Type="java.lang.String"/>
  <SQLQuery><![CDATA[select RCM.COUNTRY_ID "countryId",    
RCM.REGION_ID "regionId",PD.PERSONNEL_ID "personnelId",    
PD.PHONE_ADDRESS "countryContact", RCM.COUNTRY_PHONE_CODE "countryCode",    
RCM.OFFICE_WORKING_DAYS "OfficeWorkingDays",    
RCM.HOLIDAY_CLOSURE "holidaysClosure",RCM.TIMEZONE "timeZone",    
RCM.UPDATED_BY "lastUpdatedBy",RCM.UPDATED_DATE "lastUpdatedTime"    
from REGION_COUNTRY_MAPPING RCM, PERSONNEL_DETAILS PD    
where RCM.REGION_ID=:regionIdIn     
and RCM.COUNTRY_ID=:countryIdIn    
and RCM.PERSONNEL_ID=PD.PERSONNEL_ID  
ORDER BY RCM.UPDATED_BY DESC]]></SQLQuery>
  <ViewAttribute
    Name="Countryid"
    IsUpdateable="false"
    IsPersistent="false"
    PrecisionRule="true"
    Type="java.math.BigDecimal"
    ColumnType="NUMBER"
    AliasName='"countryId"'
    Expression='"countryId"'
    SQLType="NUMERIC"/>
  <ViewAttribute
    Name="Regionid"
    IsUpdateable="false"
    IsPersistent="false"
    PrecisionRule="true"
    Type="java.math.BigDecimal"
    ColumnType="NUMBER"
    AliasName='"regionId"'
    Expression='"regionId"'
    SQLType="NUMERIC"/>
  <ViewAttribute
    Name="Personnelid"
    IsUpdateable="false"
    IsPersistent="false"
    PrecisionRule="true"
    Type="java.math.BigDecimal"
    ColumnType="NUMBER"
    AliasName='"personnelId"'
    Expression='"personnelId"'
    SQLType="NUMERIC"/>
  <ViewAttribute
    Name="Countrycontact"
    IsUpdateable="false"
    IsPersistent="false"
    PrecisionRule="true"
    Precision="30"
    Type="java.lang.String"
    ColumnType="VARCHAR2"
    AliasName='"countryContact"'
    Expression='"countryContact"'
    SQLType="VARCHAR">
    <DesignTime>
      <Attr Name="_DisplaySize" Value="30"/>
    </DesignTime>
  </ViewAttribute>
  <ViewAttribute
    Name="Countrycode"
    IsUpdateable="false"
    IsPersistent="false"
    PrecisionRule="true"
    Precision="10"
    Type="java.lang.String"
    ColumnType="VARCHAR2"
    AliasName='"countryCode"'
    Expression='"countryCode"'
    SQLType="VARCHAR">
    <DesignTime>
      <Attr Name="_DisplaySize" Value="10"/>
    </DesignTime>
  </ViewAttribute>
  <ViewAttribute
    Name="Officeworkingdays"
    IsUpdateable="false"
    IsPersistent="false"
    PrecisionRule="true"
    Precision="10"
    Type="java.lang.String"
    ColumnType="VARCHAR2"
    AliasName='"OfficeWorkingDays"'
    Expression='"OfficeWorkingDays"'
    SQLType="VARCHAR">
    <DesignTime>
      <Attr Name="_DisplaySize" Value="10"/>
    </DesignTime>
  </ViewAttribute>
  <ViewAttribute
    Name="Holidaysclosure"
    IsUpdateable="false"
    IsPersistent="false"
    PrecisionRule="true"
    Precision="30"
    Type="java.lang.String"
    ColumnType="VARCHAR2"
    AliasName='"holidaysClosure"'
    Expression='"holidaysClosure"'
    SQLType="VARCHAR">
    <DesignTime>
      <Attr Name="_DisplaySize" Value="30"/>
    </DesignTime>
  </ViewAttribute>
  <ViewAttribute
    Name="Timezone"
    IsUpdateable="false"
    IsPersistent="false"
    PrecisionRule="true"
    Precision="15"
    Type="java.lang.String"
    ColumnType="VARCHAR2"
    AliasName='"timeZone"'
    Expression='"timeZone"'
    SQLType="VARCHAR">
    <DesignTime>
      <Attr Name="_DisplaySize" Value="15"/>
    </DesignTime>
  </ViewAttribute>
  <ViewAttribute
    Name="Lastupdatedby"
    IsUpdateable="false"
    IsPersistent="false"
    PrecisionRule="true"
    Precision="50"
    Type="java.lang.String"
    ColumnType="VARCHAR2"
    AliasName='"lastUpdatedBy"'
    Expression='"lastUpdatedBy"'
    SQLType="VARCHAR">
    <DesignTime>
      <Attr Name="_DisplaySize" Value="50"/>
    </DesignTime>
  </ViewAttribute>
  <ViewAttribute
    Name="Lastupdatedtime"
    IsUpdateable="false"
    IsPersistent="false"
    PrecisionRule="true"
    Type="java.sql.Timestamp"
    ColumnType="DATE"
    AliasName='"lastUpdatedTime"'
    Expression='"lastUpdatedTime"'
    SQLType="DATE"/>
  <AttrArray Name="KeyAttributes">
    <Item Value="Regionid"/>
  </AttrArray>
  <ResourceBundle>
    <PropertiesBundle
      PropertiesFile="vpomodel.VPORESTModelBundle"/>
  </ResourceBundle>
</ViewObject>
