<?xml version="1.0" encoding="UTF-8" ?>
<!DOCTYPE ViewObject SYSTEM "jbo_03_01.dtd">
<!---->
<ViewObject
  xmlns="http://xmlns.oracle.com/bc4j"
  Name="DelegateAccess1"
  Version="12.2.1.20.47"
  InheritPersonalization="merge"
  BindingStyle="OracleName"
  CustomQuery="true"
  PageIterMode="Full">
  <DesignTime>
    <Attr Name="_isExpertMode" Value="true"/>
  </DesignTime>
  <Properties>
    <SchemaBasedProperties>
      <LABEL
        ResId="vpomodel.vo.DelegateAccess1_LABEL"/>
    </SchemaBasedProperties>
  </Properties>
  <Variable
    Name="pId1"
    Kind="where"
    Type="java.lang.String"/>
  <SQLQuery><![CDATA[SELECT distinct(STUDY_CODE_ALIAS) from ( 
SELECT SS.STUDY_CODE_ALIAS,SS.COUNTRY_CODE,SS.STUDY_SITE_ID 
FROM ESB_V_STUDY_SITE SS 
WHERE SS.STUDY_SITE_ID_VPO IN ( 
SELECT DISTINCT SS.STUDY_SITE_ID_VPO 
FROM ESB_V_STUDY_SITE_PERSONNEL SSP  
,ESB_V_STUDY S  
,ESB_V_STUDY_SITE SS  
WHERE SS.STUDY_EREF=S.STUDY_EID  
AND SS.STUDY_SITE_EID=SSP.STUDY_SITE_EREF  
AND S.STUDY_STATUS_CODE IN ('A','P')   
AND SS.STUDY_SITE_STATUS_CODE IN ('ACT','PLN')  
AND SSP.PERSONNEL_ID like :pId1 
 
MINUS 
 
SELECT SSD.STUDY_SITE_ID_VPO 
FROM STUDY_SITE_DELEGATION SSD,USER_ROLE_DELEGATION URD 
WHERE  
SSD.STUDY_SITE_DEL_FLAG='D' 
AND URD.FROM_USER_ID=(SELECT USER_ID FROM USER_MASTER UM, PERSONNEL_DETAILS PD 
                        WHERE UM.PERSONNEL_ID =PD.PERSONNEL_ID  
                        AND PD.PERSONNEL_USER_ID =:pId1) 
AND SSD.DELGATION_ID=URD.DELEGATION_ID 
AND SSD.STUDY_SITE_ID_VPO IN ( 
SELECT DISTINCT SS.STUDY_SITE_ID_VPO  
FROM ESB_V_STUDY_SITE_PERSONNEL SSP  
,ESB_V_STUDY S  
,ESB_V_STUDY_SITE SS  
WHERE SS.STUDY_EREF=S.STUDY_EID  
AND SS.STUDY_SITE_EID=SSP.STUDY_SITE_EREF  
AND S.STUDY_STATUS_CODE IN ('A','P')   
AND SS.STUDY_SITE_STATUS_CODE IN ('ACT','PLN')  
AND SSP.PERSONNEL_ID like :pId1)) 
)]]></SQLQuery>
  <ViewAttribute
    Name="StudyCodeAlias"
    IsUpdateable="false"
    IsPersistent="false"
    PrecisionRule="true"
    Precision="255"
    Type="java.lang.String"
    ColumnType="VARCHAR2"
    AliasName="STUDY_CODE_ALIAS"
    Expression="STUDY_CODE_ALIAS"
    SQLType="VARCHAR">
    <DesignTime>
      <Attr Name="_DisplaySize" Value="20"/>
    </DesignTime>
  </ViewAttribute>
  <AttrArray Name="KeyAttributes">
    <Item Value="StudyCodeAlias"/>
  </AttrArray>
  <ResourceBundle>
    <PropertiesBundle
      PropertiesFile="vpomodel.VPORESTModelBundle"/>
  </ResourceBundle>
</ViewObject>
