<?xml version="1.0" encoding="UTF-8" ?>
<!DOCTYPE ViewObject SYSTEM "jbo_03_01.dtd">
<!---->
<ViewObject
  xmlns="http://xmlns.oracle.com/bc4j"
  Name="FormListingMO2"
  Version="12.2.1.20.47"
  InheritPersonalization="merge"
  BindingStyle="OracleName"
  CustomQuery="true"
  PageIterMode="Full">
  <DesignTime>
    <Attr Name="_isExpertMode" Value="true"/>
  </DesignTime>
  <Properties>
    <SchemaBasedProperties>
      <LABEL
        ResId="vpomodel.vo.FormListingMO2_LABEL"/>
    </SchemaBasedProperties>
  </Properties>
  <Variable
    Name="fl1_personnelId"
    Kind="where"
    Type="java.lang.String"/>
  <SQLQuery><![CDATA[select * from (SELECT  SS.COUNTRY_CODE,SS.STUDY_SITE_EID,TO_CHAR(VF.REQUEST_RECEIVED_DATE, 'DD-Mon-YY') REQUEST_RECEIVED_DATE    
, VF.FORM_ID,VF.FORM_NAME  , TO_CHAR(VF.SUBMISSION_DUE_DATE, 'DD-Mon-YY') SUBMISSION_DUE_DATE    
, VF.STATUS , NVL(TO_CHAR(VF.UPDATED_DATE, 'DD-Mon-YY'),'-') UPDATED_DATE    
,VCM.VENDOR_CATEGORY_MAPPING_ID,VCM.VENDOR_CATEGORY_ID     
, VC.VENDOR_CATEGORY_NAME , VCM.VENDOR_ID     
,VM.VENDOR_NAME ,  VF.STUDY_SITE_ID_VPO , SS.STUDY_CODE_ALIAS, SS.STUDY_SITE_ID    
,(SELECT P.FORENAME || ' '|| P.SURNAME  FROM  ESB_V_PERSONNEL P WHERE P.PERSONNEL_ID = VF.PRIMARY_INVESTIGATOR_ID ) AS INVESTIGATOR_NAME     
, NVL(TO_CHAR(VF.FORM_FINALIZED_DATE, 'DD-Mon-YY'),'-') FORM_FINALIZED_DATE,NVL(VF.FORM_VERSION, '-') FORM_VERSION        
,SITES.ISDELEGATED    
,SITES.DELEGATEDAS    
FROM    VENDOR_FORM VF ,  VENDOR_CATEGORY_MAPPING VCM , VENDOR_CATEGORY VC , VENDOR_MASTER VM , ESB_V_STUDY_SITE  SS     
,(SELECT SS.STUDY_SITE_ID_VPO, 'N' ISDELEGATED ,  '-' DELEGATEDAS    
FROM ESB_V_STUDY_SITE_PERSONNEL SSP,ESB_V_STUDY_SITE SS,ESB_V_STUDY S    
WHERE SS.STUDY_SITE_EID=SSP.STUDY_SITE_EREF    
AND S.STUDY_EID=SS.STUDY_EREF    
AND SS.STUDY_SITE_STATUS_CODE IN ('ACT','PLN') AND S.STUDY_STATUS_CODE IN ('A','P')    
AND SSP.ROLE_AT_SITE_LVL_CODE NOT IN ('MMA','MCH')    
AND SSP.PERSONNEL_ID = :fl1_personnelId   
UNION    
SELECT SSD.STUDY_SITE_ID_VPO, 'Y' ISDELEGATED , RM.ROLE_CODE DELEGATEDAS    
        FROM STUDY_SITE_DELEGATION SSD    
        ,USER_ROLE_DELEGATION URD    
        ,USER_MASTER UM    
        ,ROLE_MASTER RM    
        WHERE      
        URD.DELEGATION_ID=SSD.DELGATION_ID    
        AND  URD.TO_USER_ID =UM.USER_ID    
        AND  RM.ROLE_ID=URD.ROLE_ID    
        AND  URD.UR_DELEGATION_FLAG='D'    
        AND UM.PERSONNEL_ID =    
        (SELECT PD.PERSONNEL_ID    
        FROM PERSONNEL_DETAILS PD    
        WHERE UPPER(PD.PERSONNEL_USER_ID)=UPPER(:fl1_personnelId))) SITES    
WHERE   VCM.VENDOR_CATEGORY_ID = VC.VENDOR_CATEGORY_ID     
AND     VCM.VENDOR_ID = VM.VENDOR_ID     
AND     VF.VENDOR_CATEGORY_MAPPING_ID   = VCM.VENDOR_CATEGORY_MAPPING_ID     
AND     SS.STUDY_SITE_STATUS_CODE IN ('ACT','PLN')     
AND     VF.STUDY_SITE_ID_VPO = SS.STUDY_SITE_ID_VPO     
AND      SS.STUDY_SITE_ID_VPO =SITES.STUDY_SITE_ID_VPO        
AND     VF.FORM_ID IN  ( SELECT  MAX(VF1.FORM_ID)     
                         FROM    VENDOR_FORM VF1     
                         WHERE   VF1.VENDOR_CATEGORY_MAPPING_ID = VF.VENDOR_CATEGORY_MAPPING_ID     
                         AND     VF1.STUDY_SITE_ID_VPO = VF.STUDY_SITE_ID_VPO)     
ORDER BY VF.CREATED_DATE DESC)]]></SQLQuery>
  <ViewAttribute
    Name="CountryCode"
    IsUpdateable="false"
    IsPersistent="false"
    PrecisionRule="true"
    Precision="255"
    Type="java.lang.String"
    ColumnType="VARCHAR2"
    AliasName="COUNTRY_CODE"
    Expression="COUNTRY_CODE"
    SQLType="VARCHAR">
    <DesignTime>
      <Attr Name="_DisplaySize" Value="3"/>
    </DesignTime>
  </ViewAttribute>
  <ViewAttribute
    Name="StudySiteEid"
    IsUpdateable="false"
    IsPersistent="false"
    PrecisionRule="true"
    Precision="200"
    Type="java.lang.String"
    ColumnType="VARCHAR2"
    AliasName="STUDY_SITE_EID"
    Expression="STUDY_SITE_EID"
    SQLType="VARCHAR">
    <DesignTime>
      <Attr Name="_DisplaySize" Value="200"/>
    </DesignTime>
  </ViewAttribute>
  <ViewAttribute
    Name="RequestReceivedDate"
    IsUpdateable="false"
    IsPersistent="false"
    PrecisionRule="true"
    Precision="9"
    Type="java.lang.String"
    ColumnType="VARCHAR2"
    AliasName="REQUEST_RECEIVED_DATE"
    Expression="REQUEST_RECEIVED_DATE"
    SQLType="VARCHAR">
    <DesignTime>
      <Attr Name="_DisplaySize" Value="9"/>
    </DesignTime>
  </ViewAttribute>
  <ViewAttribute
    Name="FormId"
    IsUpdateable="false"
    IsPersistent="false"
    PrecisionRule="true"
    Type="java.math.BigDecimal"
    ColumnType="NUMBER"
    AliasName="FORM_ID"
    Expression="FORM_ID"
    SQLType="NUMERIC"/>
  <ViewAttribute
    Name="FormName"
    IsUpdateable="false"
    IsPersistent="false"
    PrecisionRule="true"
    Precision="100"
    Type="java.lang.String"
    ColumnType="VARCHAR2"
    AliasName="FORM_NAME"
    Expression="FORM_NAME"
    SQLType="VARCHAR">
    <DesignTime>
      <Attr Name="_DisplaySize" Value="100"/>
    </DesignTime>
  </ViewAttribute>
  <ViewAttribute
    Name="SubmissionDueDate"
    IsUpdateable="false"
    IsPersistent="false"
    PrecisionRule="true"
    Precision="9"
    Type="java.lang.String"
    ColumnType="VARCHAR2"
    AliasName="SUBMISSION_DUE_DATE"
    Expression="SUBMISSION_DUE_DATE"
    SQLType="VARCHAR">
    <DesignTime>
      <Attr Name="_DisplaySize" Value="9"/>
    </DesignTime>
  </ViewAttribute>
  <ViewAttribute
    Name="Status"
    IsUpdateable="false"
    IsPersistent="false"
    PrecisionRule="true"
    Precision="30"
    Type="java.lang.String"
    ColumnType="VARCHAR2"
    AliasName="STATUS"
    Expression="STATUS"
    SQLType="VARCHAR">
    <DesignTime>
      <Attr Name="_DisplaySize" Value="30"/>
    </DesignTime>
  </ViewAttribute>
  <ViewAttribute
    Name="UpdatedDate"
    IsUpdateable="false"
    IsPersistent="false"
    PrecisionRule="true"
    Precision="9"
    Type="java.lang.String"
    ColumnType="VARCHAR2"
    AliasName="UPDATED_DATE"
    Expression="UPDATED_DATE"
    SQLType="VARCHAR">
    <DesignTime>
      <Attr Name="_DisplaySize" Value="9"/>
    </DesignTime>
  </ViewAttribute>
  <ViewAttribute
    Name="VendorCategoryMappingId"
    IsUpdateable="false"
    IsPersistent="false"
    PrecisionRule="true"
    Type="java.math.BigDecimal"
    ColumnType="NUMBER"
    AliasName="VENDOR_CATEGORY_MAPPING_ID"
    Expression="VENDOR_CATEGORY_MAPPING_ID"
    SQLType="NUMERIC"/>
  <ViewAttribute
    Name="VendorCategoryId"
    IsUpdateable="false"
    IsPersistent="false"
    PrecisionRule="true"
    Type="java.math.BigDecimal"
    ColumnType="NUMBER"
    AliasName="VENDOR_CATEGORY_ID"
    Expression="VENDOR_CATEGORY_ID"
    SQLType="NUMERIC"/>
  <ViewAttribute
    Name="VendorCategoryName"
    IsUpdateable="false"
    IsPersistent="false"
    PrecisionRule="true"
    Precision="50"
    Type="java.lang.String"
    ColumnType="VARCHAR2"
    AliasName="VENDOR_CATEGORY_NAME"
    Expression="VENDOR_CATEGORY_NAME"
    SQLType="VARCHAR">
    <DesignTime>
      <Attr Name="_DisplaySize" Value="50"/>
    </DesignTime>
  </ViewAttribute>
  <ViewAttribute
    Name="VendorId"
    IsUpdateable="false"
    IsPersistent="false"
    PrecisionRule="true"
    Type="java.math.BigDecimal"
    ColumnType="NUMBER"
    AliasName="VENDOR_ID"
    Expression="VENDOR_ID"
    SQLType="NUMERIC"/>
  <ViewAttribute
    Name="VendorName"
    IsUpdateable="false"
    IsPersistent="false"
    PrecisionRule="true"
    Precision="150"
    Type="java.lang.String"
    ColumnType="VARCHAR2"
    AliasName="VENDOR_NAME"
    Expression="VENDOR_NAME"
    SQLType="VARCHAR">
    <DesignTime>
      <Attr Name="_DisplaySize" Value="150"/>
    </DesignTime>
  </ViewAttribute>
  <ViewAttribute
    Name="StudySiteIdVpo"
    IsUpdateable="false"
    IsPersistent="false"
    PrecisionRule="true"
    Type="java.math.BigDecimal"
    ColumnType="NUMBER"
    AliasName="STUDY_SITE_ID_VPO"
    Expression="STUDY_SITE_ID_VPO"
    SQLType="NUMERIC"/>
  <ViewAttribute
    Name="StudyCodeAlias"
    IsUpdateable="false"
    IsPersistent="false"
    PrecisionRule="true"
    Precision="20"
    Type="java.lang.String"
    ColumnType="VARCHAR2"
    AliasName="STUDY_CODE_ALIAS"
    Expression="STUDY_CODE_ALIAS"
    SQLType="VARCHAR">
    <DesignTime>
      <Attr Name="_DisplaySize" Value="20"/>
    </DesignTime>
  </ViewAttribute>
  <ViewAttribute
    Name="StudySiteId"
    IsUpdateable="false"
    IsPersistent="false"
    PrecisionRule="true"
    Precision="10"
    Type="java.lang.String"
    ColumnType="VARCHAR2"
    AliasName="STUDY_SITE_ID"
    Expression="STUDY_SITE_ID"
    SQLType="VARCHAR">
    <DesignTime>
      <Attr Name="_DisplaySize" Value="10"/>
    </DesignTime>
  </ViewAttribute>
  <ViewAttribute
    Name="InvestigatorName"
    IsUpdateable="false"
    IsPersistent="false"
    PrecisionRule="true"
    Precision="61"
    Type="java.lang.String"
    ColumnType="VARCHAR2"
    AliasName="INVESTIGATOR_NAME"
    Expression="INVESTIGATOR_NAME"
    SQLType="VARCHAR">
    <DesignTime>
      <Attr Name="_DisplaySize" Value="61"/>
    </DesignTime>
  </ViewAttribute>
  <ViewAttribute
    Name="FormFinalizedDate"
    IsUpdateable="false"
    IsPersistent="false"
    PrecisionRule="true"
    Precision="9"
    Type="java.lang.String"
    ColumnType="VARCHAR2"
    AliasName="FORM_FINALIZED_DATE"
    Expression="FORM_FINALIZED_DATE"
    SQLType="VARCHAR">
    <DesignTime>
      <Attr Name="_DisplaySize" Value="9"/>
    </DesignTime>
  </ViewAttribute>
  <ViewAttribute
    Name="FormVersion"
    IsUpdateable="false"
    IsPersistent="false"
    PrecisionRule="true"
    Precision="10"
    Type="java.lang.String"
    ColumnType="VARCHAR2"
    AliasName="FORM_VERSION"
    Expression="FORM_VERSION"
    SQLType="VARCHAR">
    <DesignTime>
      <Attr Name="_DisplaySize" Value="10"/>
    </DesignTime>
  </ViewAttribute>
  <ViewAttribute
    Name="Isdelegated"
    IsUpdateable="false"
    IsPersistent="false"
    PrecisionRule="true"
    Precision="1"
    Type="java.lang.String"
    ColumnType="CHAR"
    AliasName="ISDELEGATED"
    Expression="ISDELEGATED"
    SQLType="CHAR">
    <DesignTime>
      <Attr Name="_DisplaySize" Value="1"/>
    </DesignTime>
  </ViewAttribute>
  <ViewAttribute
    Name="Delegatedas"
    IsUpdateable="false"
    IsPersistent="false"
    PrecisionRule="true"
    Precision="10"
    Type="java.lang.String"
    ColumnType="VARCHAR2"
    AliasName="DELEGATEDAS"
    Expression="DELEGATEDAS"
    SQLType="VARCHAR">
    <DesignTime>
      <Attr Name="_DisplaySize" Value="10"/>
    </DesignTime>
  </ViewAttribute>
  <AttrArray Name="KeyAttributes">
    <Item Value="FormId"/>
  </AttrArray>
  <ResourceBundle>
    <PropertiesBundle
      PropertiesFile="vpomodel.VPORESTModelBundle"/>
  </ResourceBundle>
</ViewObject>
