<?xml version="1.0" encoding="UTF-8" ?>
<!DOCTYPE ViewObject SYSTEM "jbo_03_01.dtd">
<!---->
<ViewObject
  xmlns="http://xmlns.oracle.com/bc4j"
  Name="FormCenter"
  Version="12.2.1.12.24"
  InheritPersonalization="merge"
  BindingStyle="OracleName"
  CustomQuery="true"
  PageIterMode="Full">
  <DesignTime>
    <Attr Name="_isExpertMode" Value="true"/>
  </DesignTime>
  <Properties>
    <SchemaBasedProperties>
      <LABEL
        ResId="vpomodel.vo.FormCenter_LABEL"/>
    </SchemaBasedProperties>
  </Properties>
  <Variable
    Name="centerCountryCode"
    Kind="where"
    Type="java.lang.String"/>
  <Variable
    Name="centerStudyRef"
    Kind="where"
    Type="java.lang.String"/>
  <SQLQuery><![CDATA[SELECT   
C.POSTAL_ADDRESS_POSTAL_CODE,C.CENTER_TYPE_DESC   
,C.POSTAL_ADDRESS_LINES   
,C.POSTAL_ADDRESS_CITY_NAME,C.POSTAL_ADDRESS_STATE_NAME   
,C.POSTAL_ADDRESS_COUNTRY_NAME,SS.STUDY_SITE_EID   
FROM ESB_V_SITE S,ESB_V_CENTER C,ESB_V_STUDY_SITE SS   
WHERE S.CENTER_EREF=C.CENTER_EID   
AND SS.SITE_EREF=S.SITE_EID   
AND UPPER(S.OBJECT_STATE_CODE) like UPPER('Active')   
AND UPPER(C.OBJECT_STATE_CODE) like UPPER('Active')   
AND SS.STUDY_SITE_STATUS_CODE IN ('ACT','PLN')   
AND S.POSTAL_ADDRESS_COUNTRY_NAME like  :centerCountryCode 
AND SS.STUDY_SITE_EID like :centerStudyRef]]></SQLQuery>
  <ViewAttribute
    Name="PostalAddressPostalCode"
    IsUpdateable="false"
    IsPersistent="false"
    PrecisionRule="true"
    Precision="255"
    Type="java.lang.String"
    ColumnType="VARCHAR2"
    AliasName="POSTAL_ADDRESS_POSTAL_CODE"
    Expression="POSTAL_ADDRESS_POSTAL_CODE"
    SQLType="VARCHAR">
    <DesignTime>
      <Attr Name="_DisplaySize" Value="20"/>
    </DesignTime>
  </ViewAttribute>
  <ViewAttribute
    Name="CenterTypeDesc"
    IsUpdateable="false"
    IsPersistent="false"
    PrecisionRule="true"
    Precision="50"
    Type="java.lang.String"
    ColumnType="VARCHAR2"
    AliasName="CENTER_TYPE_DESC"
    Expression="CENTER_TYPE_DESC"
    SQLType="VARCHAR">
    <DesignTime>
      <Attr Name="_DisplaySize" Value="50"/>
    </DesignTime>
  </ViewAttribute>
  <ViewAttribute
    Name="PostalAddressLines"
    IsUpdateable="false"
    IsPersistent="false"
    PrecisionRule="true"
    Precision="410"
    Type="java.lang.String"
    ColumnType="VARCHAR2"
    AliasName="POSTAL_ADDRESS_LINES"
    Expression="POSTAL_ADDRESS_LINES"
    SQLType="VARCHAR">
    <DesignTime>
      <Attr Name="_DisplaySize" Value="410"/>
    </DesignTime>
  </ViewAttribute>
  <ViewAttribute
    Name="PostalAddressCityName"
    IsUpdateable="false"
    IsPersistent="false"
    PrecisionRule="true"
    Precision="30"
    Type="java.lang.String"
    ColumnType="VARCHAR2"
    AliasName="POSTAL_ADDRESS_CITY_NAME"
    Expression="POSTAL_ADDRESS_CITY_NAME"
    SQLType="VARCHAR">
    <DesignTime>
      <Attr Name="_DisplaySize" Value="30"/>
    </DesignTime>
  </ViewAttribute>
  <ViewAttribute
    Name="PostalAddressStateName"
    IsUpdateable="false"
    IsPersistent="false"
    PrecisionRule="true"
    Precision="30"
    Type="java.lang.String"
    ColumnType="VARCHAR2"
    AliasName="POSTAL_ADDRESS_STATE_NAME"
    Expression="POSTAL_ADDRESS_STATE_NAME"
    SQLType="VARCHAR">
    <DesignTime>
      <Attr Name="_DisplaySize" Value="30"/>
    </DesignTime>
  </ViewAttribute>
  <ViewAttribute
    Name="PostalAddressCountryName"
    IsUpdateable="false"
    IsPersistent="false"
    PrecisionRule="true"
    Precision="3"
    Type="java.lang.String"
    ColumnType="VARCHAR2"
    AliasName="POSTAL_ADDRESS_COUNTRY_NAME"
    Expression="POSTAL_ADDRESS_COUNTRY_NAME"
    SQLType="VARCHAR">
    <DesignTime>
      <Attr Name="_DisplaySize" Value="3"/>
    </DesignTime>
  </ViewAttribute>
  <ViewAttribute
    Name="StudySiteEid"
    IsUpdateable="false"
    IsPersistent="false"
    PrecisionRule="true"
    Precision="200"
    Type="java.lang.String"
    ColumnType="VARCHAR2"
    AliasName="STUDY_SITE_EID"
    Expression="STUDY_SITE_EID"
    SQLType="VARCHAR">
    <DesignTime>
      <Attr Name="_DisplaySize" Value="200"/>
    </DesignTime>
  </ViewAttribute>
  <AttrArray Name="KeyAttributes">
    <Item Value="StudySiteEid"/>
  </AttrArray>
  <ResourceBundle>
    <PropertiesBundle
      PropertiesFile="vpomodel.VPORESTModelBundle"/>
  </ResourceBundle>
</ViewObject>
