<?xml version="1.0" encoding="UTF-8" ?>
<!DOCTYPE ViewObject SYSTEM "jbo_03_01.dtd">
<!---->
<ViewObject
  xmlns="http://xmlns.oracle.com/bc4j"
  Name="FormListing"
  Version="12.2.1.9.14"
  InheritPersonalization="merge"
  BindingStyle="OracleName"
  CustomQuery="true"
  PageIterMode="Full">
  <DesignTime>
    <Attr Name="_isExpertMode" Value="true"/>
  </DesignTime>
  <Properties>
    <SchemaBasedProperties>
      <LABEL
        ResId="vpomodel.vo.FormListing_LABEL"/>
    </SchemaBasedProperties>
  </Properties>
  <Variable
    Name="formlisting_personnelId"
    Kind="where"
    Type="java.lang.String"/>
  <SQLQuery><![CDATA[SELECT 	VF.FORM_ID,VF.FORM_NAME  , VF.SUBMISSION_DUE_DATE , VF.STATUS , VF.UPDATED_DATE,VCM.VENDOR_CATEGORY_MAPPING_ID,VCM.VENDOR_CATEGORY_ID , VC.VENDOR_CATEGORY_NAME , VCM.VENDOR_ID ,VM.VENDOR_NAME ,  VF.STUDY_SITE_ID_VPO , SS.STUDY_CODE_ALIAS, SS.STUDY_SITE_ID, 
(SELECT P.FORENAME || ' '|| P.SURNAME  FROM  ESB_V_PERSONNEL P WHERE P.PERSONNEL_ID = VF.PRIMARY_INVESTIGATOR_ID ) AS INVESTIGATOR_NAME 
FROM    VENDOR_FORM VF ,  VENDOR_CATEGORY_MAPPING VCM , VENDOR_CATEGORY VC , VENDOR_MASTER VM , ESB_V_STUDY_SITE  SS 
WHERE   VCM.VENDOR_CATEGORY_ID = VC.VENDOR_CATEGORY_ID 
AND     VCM.VENDOR_ID = VM.VENDOR_ID 
AND     VF.VENDOR_CATEGORY_MAPPING_ID   = VCM.VENDOR_CATEGORY_MAPPING_ID 
AND     SS.STUDY_SITE_STATUS_CODE IN ('ACT','PLN') 
AND     VF.STUDY_SITE_ID_VPO = SS.STUDY_SITE_ID_VPO 
AND     UPPER(VF.CREATED_BY) like :formlisting_personnelId 
AND     VF.FORM_ID IN  ( SELECT  MAX(VF1.FORM_ID) 
                         FROM    VENDOR_FORM VF1 
                         WHERE   VF1.VENDOR_CATEGORY_MAPPING_ID = VF.VENDOR_CATEGORY_MAPPING_ID 
                         AND     VF1.STUDY_SITE_ID_VPO = VF.STUDY_SITE_ID_VPO) 
ORDER BY VF.CREATED_DATE DESC]]></SQLQuery>
  <ViewAttribute
    Name="FormId"
    IsUpdateable="false"
    IsPersistent="false"
    PrecisionRule="true"
    Type="java.math.BigDecimal"
    ColumnType="NUMBER"
    AliasName="FORM_ID"
    Expression="FORM_ID"
    SQLType="NUMERIC"/>
  <ViewAttribute
    Name="FormName"
    IsUpdateable="false"
    IsPersistent="false"
    PrecisionRule="true"
    Precision="100"
    Type="java.lang.String"
    ColumnType="VARCHAR2"
    AliasName="FORM_NAME"
    Expression="FORM_NAME"
    SQLType="VARCHAR">
    <DesignTime>
      <Attr Name="_DisplaySize" Value="100"/>
    </DesignTime>
  </ViewAttribute>
  <ViewAttribute
    Name="SubmissionDueDate"
    IsUpdateable="false"
    IsPersistent="false"
    PrecisionRule="true"
    Type="java.sql.Timestamp"
    ColumnType="DATE"
    AliasName="SUBMISSION_DUE_DATE"
    Expression="SUBMISSION_DUE_DATE"
    SQLType="DATE"/>
  <ViewAttribute
    Name="Status"
    IsUpdateable="false"
    IsPersistent="false"
    PrecisionRule="true"
    Precision="30"
    Type="java.lang.String"
    ColumnType="VARCHAR2"
    AliasName="STATUS"
    Expression="STATUS"
    SQLType="VARCHAR">
    <DesignTime>
      <Attr Name="_DisplaySize" Value="30"/>
    </DesignTime>
  </ViewAttribute>
  <ViewAttribute
    Name="UpdatedDate"
    IsUpdateable="false"
    IsPersistent="false"
    PrecisionRule="true"
    Type="java.sql.Timestamp"
    ColumnType="DATE"
    AliasName="UPDATED_DATE"
    Expression="UPDATED_DATE"
    SQLType="DATE"/>
  <ViewAttribute
    Name="VendorCategoryMappingId"
    IsUpdateable="false"
    IsPersistent="false"
    PrecisionRule="true"
    Type="java.math.BigDecimal"
    ColumnType="NUMBER"
    AliasName="VENDOR_CATEGORY_MAPPING_ID"
    Expression="VENDOR_CATEGORY_MAPPING_ID"
    SQLType="NUMERIC"/>
  <ViewAttribute
    Name="VendorCategoryId"
    IsUpdateable="false"
    IsPersistent="false"
    PrecisionRule="true"
    Type="java.math.BigDecimal"
    ColumnType="NUMBER"
    AliasName="VENDOR_CATEGORY_ID"
    Expression="VENDOR_CATEGORY_ID"
    SQLType="NUMERIC"/>
  <ViewAttribute
    Name="VendorCategoryName"
    IsUpdateable="false"
    IsPersistent="false"
    PrecisionRule="true"
    Precision="50"
    Type="java.lang.String"
    ColumnType="VARCHAR2"
    AliasName="VENDOR_CATEGORY_NAME"
    Expression="VENDOR_CATEGORY_NAME"
    SQLType="VARCHAR">
    <DesignTime>
      <Attr Name="_DisplaySize" Value="50"/>
    </DesignTime>
  </ViewAttribute>
  <ViewAttribute
    Name="VendorId"
    IsUpdateable="false"
    IsPersistent="false"
    PrecisionRule="true"
    Type="java.math.BigDecimal"
    ColumnType="NUMBER"
    AliasName="VENDOR_ID"
    Expression="VENDOR_ID"
    SQLType="NUMERIC"/>
  <ViewAttribute
    Name="VendorName"
    IsUpdateable="false"
    IsPersistent="false"
    PrecisionRule="true"
    Precision="150"
    Type="java.lang.String"
    ColumnType="VARCHAR2"
    AliasName="VENDOR_NAME"
    Expression="VENDOR_NAME"
    SQLType="VARCHAR">
    <DesignTime>
      <Attr Name="_DisplaySize" Value="150"/>
    </DesignTime>
  </ViewAttribute>
  <ViewAttribute
    Name="StudySiteIdVpo"
    IsUpdateable="false"
    IsPersistent="false"
    PrecisionRule="true"
    Type="java.math.BigDecimal"
    ColumnType="NUMBER"
    AliasName="STUDY_SITE_ID_VPO"
    Expression="STUDY_SITE_ID_VPO"
    SQLType="NUMERIC"/>
  <ViewAttribute
    Name="StudyCodeAlias"
    IsUpdateable="false"
    IsPersistent="false"
    PrecisionRule="true"
    Precision="20"
    Type="java.lang.String"
    ColumnType="VARCHAR2"
    AliasName="STUDY_CODE_ALIAS"
    Expression="STUDY_CODE_ALIAS"
    SQLType="VARCHAR">
    <DesignTime>
      <Attr Name="_DisplaySize" Value="20"/>
    </DesignTime>
  </ViewAttribute>
  <ViewAttribute
    Name="StudySiteId"
    IsUpdateable="false"
    IsPersistent="false"
    PrecisionRule="true"
    Precision="10"
    Type="java.lang.String"
    ColumnType="VARCHAR2"
    AliasName="STUDY_SITE_ID"
    Expression="STUDY_SITE_ID"
    SQLType="VARCHAR">
    <DesignTime>
      <Attr Name="_DisplaySize" Value="10"/>
    </DesignTime>
  </ViewAttribute>
  <ViewAttribute
    Name="InvestigatorName"
    IsUpdateable="false"
    IsPersistent="false"
    PrecisionRule="true"
    Precision="61"
    Type="java.lang.String"
    ColumnType="VARCHAR2"
    AliasName="INVESTIGATOR_NAME"
    Expression="INVESTIGATOR_NAME"
    SQLType="VARCHAR">
    <DesignTime>
      <Attr Name="_DisplaySize" Value="61"/>
    </DesignTime>
  </ViewAttribute>
  <AttrArray Name="KeyAttributes">
    <Item Value="FormId"/>
  </AttrArray>
  <ResourceBundle>
    <PropertiesBundle
      PropertiesFile="vpomodel.VPORESTModelBundle"/>
  </ResourceBundle>
</ViewObject>
