<?xml version="1.0" encoding="windows-1252" ?>
<!DOCTYPE ViewObject SYSTEM "jbo_03_01.dtd">
<!---->
<ViewObject
  xmlns="http://xmlns.oracle.com/bc4j"
  Name="InfoEcgCRA"
  Version="12.2.1.12.24"
  InheritPersonalization="merge"
  BindingStyle="OracleName"
  CustomQuery="true"
  PageIterMode="Full">
  <DesignTime>
    <Attr Name="_isExpertMode" Value="true"/>
  </DesignTime>
  <Properties>
    <SchemaBasedProperties>
      <LABEL
        ResId="vpomodel.vo.InfoEcgCRA_LABEL"/>
    </SchemaBasedProperties>
  </Properties>
  <Variable
    Name="roleOfInvestigator"
    Kind="where"
    Type="java.lang.String"/>
  <Variable
    Name="siteID"
    Kind="where"
    Type="java.lang.String"/>
  <Variable
    Name="trailID1"
    Kind="where"
    Type="java.lang.String"/>
  <Variable
    Name="countryCode"
    Kind="where"
    Type="java.lang.String"/>
  <SQLQuery><![CDATA[SELECT       
CONCAT(CONCAT(P.FORENAME,' ' ), P.SURNAME) CRAName       
,P.PHONE_ADDRESS CRAPHONE       
,P.FAX_ADDRESS CRAFAX       
,P.EMAIL_ADDRESS CRAMAILADDRESS       
,SSP.ROLE_AT_SITE_LVL_CODE       
FROM ESB_V_STUDY_SITE_PERSONNEL SSP,ESB_V_STUDY S,ESB_V_STUDY_SITE SS,ESB_V_SITE S,ESB_V_PERSONNEL P       
WHERE S.STUDY_EID=SSP.STUDY_EREF       
AND SS.STUDY_SITE_EID=SSP.STUDY_SITE_EREF       
AND S.SITE_EID=SS.SITE_EREF       
AND S.STUDY_STATUS_CODE IN ('A','P')        
AND SS.STUDY_SITE_STATUS_CODE IN ('ACT','PLN')       
AND SSP.PERSONNEL_EREF=P.PERSONNEL_EID       
AND SSP.ROLE_AT_SITE_LVL_CODE LIKE :roleOfInvestigator       
AND SSP.STUDY_SITE_ID LIKE :siteID        
AND SSP.STUDY_CODE_ALIAS LIKE :trailID1       
AND SSP.COUNTRY_CODE LIKE :countryCode]]></SQLQuery>
  <ViewAttribute
    Name="Craname"
    IsUpdateable="false"
    IsPersistent="false"
    PrecisionRule="true"
    Precision="61"
    Type="java.lang.String"
    ColumnType="VARCHAR2"
    AliasName="CRANAME"
    Expression="CRANAME"
    SQLType="VARCHAR">
    <DesignTime>
      <Attr Name="_DisplaySize" Value="61"/>
    </DesignTime>
  </ViewAttribute>
  <ViewAttribute
    Name="Craphone"
    IsUpdateable="false"
    IsPersistent="false"
    PrecisionRule="true"
    Precision="30"
    Type="java.lang.String"
    ColumnType="VARCHAR2"
    AliasName="CRAPHONE"
    Expression="CRAPHONE"
    SQLType="VARCHAR">
    <DesignTime>
      <Attr Name="_DisplaySize" Value="30"/>
    </DesignTime>
  </ViewAttribute>
  <ViewAttribute
    Name="Crafax"
    IsUpdateable="false"
    IsPersistent="false"
    PrecisionRule="true"
    Precision="30"
    Type="java.lang.String"
    ColumnType="VARCHAR2"
    AliasName="CRAFAX"
    Expression="CRAFAX"
    SQLType="VARCHAR">
    <DesignTime>
      <Attr Name="_DisplaySize" Value="30"/>
    </DesignTime>
  </ViewAttribute>
  <ViewAttribute
    Name="Cramailaddress"
    IsUpdateable="false"
    IsPersistent="false"
    PrecisionRule="true"
    Precision="120"
    Type="java.lang.String"
    ColumnType="VARCHAR2"
    AliasName="CRAMAILADDRESS"
    Expression="CRAMAILADDRESS"
    SQLType="VARCHAR">
    <DesignTime>
      <Attr Name="_DisplaySize" Value="120"/>
    </DesignTime>
  </ViewAttribute>
  <ViewAttribute
    Name="RoleAtSiteLvlCode"
    IsUpdateable="false"
    IsPersistent="false"
    PrecisionRule="true"
    Precision="6"
    Type="java.lang.String"
    ColumnType="VARCHAR2"
    AliasName="ROLE_AT_SITE_LVL_CODE"
    Expression="ROLE_AT_SITE_LVL_CODE"
    SQLType="VARCHAR">
    <DesignTime>
      <Attr Name="_DisplaySize" Value="6"/>
    </DesignTime>
  </ViewAttribute>
  <ResourceBundle>
    <PropertiesBundle
      PropertiesFile="vpomodel.VPORESTModelBundle"/>
  </ResourceBundle>
</ViewObject>
