<?xml version="1.0" encoding="UTF-8" ?>
<!DOCTYPE ViewObject SYSTEM "jbo_03_01.dtd">
<!---->
<ViewObject
  xmlns="http://xmlns.oracle.com/bc4j"
  Name="Phasewisechecklist"
  Version="12.2.1.9.14"
  InheritPersonalization="merge"
  BindingStyle="OracleName"
  CustomQuery="true"
  PageIterMode="Full">
  <DesignTime>
    <Attr Name="_isExpertMode" Value="true"/>
  </DesignTime>
  <Properties>
    <SchemaBasedProperties>
      <LABEL
        ResId="vpomodel.vo.Phasewisechecklist_LABEL"/>
    </SchemaBasedProperties>
  </Properties>
  <Variable
    Name="pwphaseName3"
    Kind="where"
    Type="java.lang.String"/>
  <Variable
    Name="pwregionId3"
    Kind="where"
    Type="java.lang.String"/>
  <Variable
    Name="pwcountryId3"
    Kind="where"
    Type="java.lang.String"/>
  <SQLQuery><![CDATA[WITH CHECKLIST_DATA AS  
(  
SELECT PHASEWISE_QUESTION_ID,  
                                VENDOR_CATEGORY_ID,   
                                CHKLIST_FLAG,  
                                ROW_NUMBER() OVER(PARTITION BY PHASEWISE_QUESTION_ID ORDER BY VENDOR_CATEGORY_ID ASC) AS ROW_NO  
FROM    PHASEWISE_CHKLIST_DTLS  
)  
SELECT  
                                PD.REGION,  
                                PD.COUNTRY,  
                                --CD.PHASEWISE_QUESTION_ID,  
                                PD.QUESTION_CATEGORY,  
                                PD.QUESTION_DETAILS,  
                                MAX(CASE WHEN ROW_NO=1 THEN CHKLIST_FLAG END )AS "CENTRAL LAB",  
                                MAX(CASE WHEN ROW_NO=2 THEN CHKLIST_FLAG END )AS "IRT-IMP",  
                                MAX(CASE WHEN ROW_NO=3 THEN CHKLIST_FLAG END )AS "ECG",  
                                PD.COMMENTS  
FROM    CHECKLIST_DATA CD,  
                                (SELECT REGION_COUNTRY_MAPPING_ID,   
                                                                REGION_ID ,    
                                                                REGION ,  
                                                                COUNTRY_ID ,   
                                                                COUNTRY ,            
                                                                PQD.PHASEWISE_QUESTION_ID,  
                                                                QM.QUESTION_ID,  
                                                                QM.QUESTION_CATEGORY ,   
                                                                QM.QUESTION_DETAILS,  
                                                                PQD.PHASE_NAME,  
                                                                PQD.COMMENTS   
                                FROM  (SELECT RC.ID REGION_COUNTRY_MAPPING_ID,  
                                                                                                REGION_ID ,   
                                                                                                (SELECT  REGION_CODE FROM REGION R WHERE R.REGION_ID = RC.REGION_ID) REGION ,   
                                                                                                COUNTRY_ID,  
                                                                                                (SELECT  COUNTRY_CODE FROM COUNTRY C WHERE C.COUNTRY_ID = RC.COUNTRY_ID) COUNTRY   
                                                                FROM    REGION_COUNTRY_MAPPING RC)  RCM ,   
                                                                PHASEWISE_QUESTION_DTLS PQD , QUESTION_MASTER QM  
                                WHERE   RCM.REGION_COUNTRY_MAPPING_ID =PQD.REGION_COUNTRY_ID  
                                AND     QM.QUESTION_ID = PQD.QUESTION_ID  
                                AND     PQD.PHASE_NAME like :pwphaseName3     
                                )PD  
WHERE CD.PHASEWISE_QUESTION_ID = PD.PHASEWISE_QUESTION_ID  
AND PD.REGION_ID=:pwregionId3  
AND PD.COUNTRY_ID=:pwcountryId3     
GROUP BY           PD.REGION,  
                                                PD.COUNTRY,  
                                                --CD.PHASEWISE_QUESTION_ID,  
                                                PD.QUESTION_CATEGORY,  
                                                PD.QUESTION_DETAILS,     
                                                PD.COMMENTS]]></SQLQuery>
  <ViewAttribute
    Name="Region"
    IsUpdateable="false"
    IsPersistent="false"
    PrecisionRule="true"
    Precision="255"
    Type="java.lang.String"
    ColumnType="VARCHAR2"
    AliasName="REGION"
    Expression="REGION"
    SQLType="VARCHAR">
    <DesignTime>
      <Attr Name="_DisplaySize" Value="10"/>
    </DesignTime>
  </ViewAttribute>
  <ViewAttribute
    Name="Country"
    IsUpdateable="false"
    IsPersistent="false"
    PrecisionRule="true"
    Precision="3"
    Type="java.lang.String"
    ColumnType="VARCHAR2"
    AliasName="COUNTRY"
    Expression="COUNTRY"
    SQLType="VARCHAR">
    <DesignTime>
      <Attr Name="_DisplaySize" Value="3"/>
    </DesignTime>
  </ViewAttribute>
  <ViewAttribute
    Name="QuestionCategory"
    IsUpdateable="false"
    IsPersistent="false"
    PrecisionRule="true"
    Precision="50"
    Type="java.lang.String"
    ColumnType="VARCHAR2"
    AliasName="QUESTION_CATEGORY"
    Expression="QUESTION_CATEGORY"
    SQLType="VARCHAR">
    <DesignTime>
      <Attr Name="_DisplaySize" Value="50"/>
    </DesignTime>
  </ViewAttribute>
  <ViewAttribute
    Name="QuestionDetails"
    IsUpdateable="false"
    IsPersistent="false"
    PrecisionRule="true"
    Precision="300"
    Type="java.lang.String"
    ColumnType="VARCHAR2"
    AliasName="QUESTION_DETAILS"
    Expression="QUESTION_DETAILS"
    SQLType="VARCHAR">
    <DesignTime>
      <Attr Name="_DisplaySize" Value="300"/>
    </DesignTime>
  </ViewAttribute>
  <ViewAttribute
    Name="CentralLab"
    IsUpdateable="false"
    IsPersistent="false"
    PrecisionRule="true"
    Precision="1"
    Type="java.lang.String"
    ColumnType="VARCHAR2"
    AliasName='"CENTRAL LAB"'
    Expression='"CENTRAL LAB"'
    SQLType="VARCHAR">
    <DesignTime>
      <Attr Name="_DisplaySize" Value="1"/>
    </DesignTime>
  </ViewAttribute>
  <ViewAttribute
    Name="IrtImp"
    IsUpdateable="false"
    IsPersistent="false"
    PrecisionRule="true"
    Precision="1"
    Type="java.lang.String"
    ColumnType="VARCHAR2"
    AliasName='"IRT-IMP"'
    Expression='"IRT-IMP"'
    SQLType="VARCHAR">
    <DesignTime>
      <Attr Name="_DisplaySize" Value="1"/>
    </DesignTime>
  </ViewAttribute>
  <ViewAttribute
    Name="Ecg"
    IsUpdateable="false"
    IsPersistent="false"
    PrecisionRule="true"
    Precision="1"
    Type="java.lang.String"
    ColumnType="VARCHAR2"
    AliasName="ECG"
    Expression="ECG"
    SQLType="VARCHAR">
    <DesignTime>
      <Attr Name="_DisplaySize" Value="1"/>
    </DesignTime>
  </ViewAttribute>
  <ViewAttribute
    Name="Comments"
    IsUpdateable="false"
    IsPersistent="false"
    PrecisionRule="true"
    Precision="200"
    Type="java.lang.String"
    ColumnType="VARCHAR2"
    AliasName="COMMENTS"
    Expression="COMMENTS"
    SQLType="VARCHAR">
    <DesignTime>
      <Attr Name="_DisplaySize" Value="200"/>
    </DesignTime>
  </ViewAttribute>
  <AttrArray Name="KeyAttributes">
    <Item Value="Region"/>
  </AttrArray>
  <ResourceBundle>
    <PropertiesBundle
      PropertiesFile="vpomodel.VPORESTModelBundle"/>
  </ResourceBundle>
</ViewObject>
