<?xml version="1.0" encoding="UTF-8" ?>
<!DOCTYPE ViewObject SYSTEM "jbo_03_01.dtd">
<!---->
<ViewObject
  xmlns="http://xmlns.oracle.com/bc4j"
  Name="PWCLVendorQuery"
  Version="12.2.1.9.14"
  InheritPersonalization="merge"
  BindingStyle="OracleName"
  CustomQuery="true"
  PageIterMode="Full">
  <DesignTime>
    <Attr Name="_isExpertMode" Value="true"/>
  </DesignTime>
  <Properties>
    <SchemaBasedProperties>
      <LABEL
        ResId="vpomodel.vo.PWCLVendorQuery_LABEL"/>
    </SchemaBasedProperties>
  </Properties>
  <Variable
    Name="pwclvendorqueryquesid"
    Kind="where"
    Type="java.lang.String"/>
  <SQLQuery><![CDATA[SELECT PHASEWISE_QUESTION_ID, 
                                VENDOR_CATEGORY_ID,  
        (SELECT VENDOR_CATEGORY_NAME FROM  VENDOR_CATEGORY VC WHERE VC.VENDOR_CATEGORY_ID = PCD.VENDOR_CATEGORY_ID) VENDOR_CATEGORY_NAME, 
                                CHKLIST_FLAG         
FROM    PHASEWISE_CHKLIST_DTLS   PCD  
WHERE   PHASEWISE_QUESTION_ID  = :pwclvendorqueryquesid]]></SQLQuery>
  <ViewAttribute
    Name="PhasewiseQuestionId"
    IsUpdateable="false"
    IsPersistent="false"
    PrecisionRule="true"
    Type="java.math.BigDecimal"
    ColumnType="NUMBER"
    AliasName="PHASEWISE_QUESTION_ID"
    Expression="PHASEWISE_QUESTION_ID"
    SQLType="NUMERIC"/>
  <ViewAttribute
    Name="VendorCategoryId"
    IsUpdateable="false"
    IsPersistent="false"
    PrecisionRule="true"
    Type="java.math.BigDecimal"
    ColumnType="NUMBER"
    AliasName="VENDOR_CATEGORY_ID"
    Expression="VENDOR_CATEGORY_ID"
    SQLType="NUMERIC"/>
  <ViewAttribute
    Name="VendorCategoryName"
    IsUpdateable="false"
    IsPersistent="false"
    PrecisionRule="true"
    Precision="50"
    Type="java.lang.String"
    ColumnType="VARCHAR2"
    AliasName="VENDOR_CATEGORY_NAME"
    Expression="VENDOR_CATEGORY_NAME"
    SQLType="VARCHAR">
    <DesignTime>
      <Attr Name="_DisplaySize" Value="50"/>
    </DesignTime>
  </ViewAttribute>
  <ViewAttribute
    Name="ChklistFlag"
    IsUpdateable="false"
    IsPersistent="false"
    PrecisionRule="true"
    Precision="1"
    Type="java.lang.String"
    ColumnType="VARCHAR2"
    AliasName="CHKLIST_FLAG"
    Expression="CHKLIST_FLAG"
    SQLType="VARCHAR">
    <DesignTime>
      <Attr Name="_DisplaySize" Value="1"/>
    </DesignTime>
  </ViewAttribute>
  <AttrArray Name="KeyAttributes">
    <Item Value="PhasewiseQuestionId"/>
  </AttrArray>
  <ResourceBundle>
    <PropertiesBundle
      PropertiesFile="vpomodel.VPORESTModelBundle"/>
  </ResourceBundle>
</ViewObject>
