<?xml version="1.0" encoding="windows-1252" ?>
<!DOCTYPE ViewObject SYSTEM "jbo_03_01.dtd">
<!---->
<ViewObject
  xmlns="http://xmlns.oracle.com/bc4j"
  Name="ReleaseLock"
  Version="12.2.1.12.24"
  InheritPersonalization="merge"
  BindingStyle="OracleName"
  CustomQuery="true"
  PageIterMode="Full">
  <DesignTime>
    <Attr Name="_isExpertMode" Value="true"/>
  </DesignTime>
  <Properties>
    <SchemaBasedProperties>
      <LABEL
        ResId="vpomodel.vo.ReleaseLock_LABEL"/>
    </SchemaBasedProperties>
  </Properties>
  <Variable
    Name="siteRef"
    Kind="where"
    Type="java.lang.String"/>
  <Variable
    Name="vendorId"
    Kind="where"
    Type="java.lang.String"/>
  <Variable
    Name="vendorCategoryId"
    Kind="where"
    Type="java.lang.String"/>
  <SQLQuery><![CDATA[SELECT FORM_ID 
FROM VENDOR_FORM 
WHERE VENDOR_CATEGORY_MAPPING_ID IN (   SELECT  VENDOR_CATEGORY_MAPPING_ID  
                                        FROM    VENDOR_CATEGORY_MAPPING  
                                        WHERE   VENDOR_CATEGORY_ID = :vendorCategoryId 
                                        AND     VENDOR_ID = :vendorId 
                                     ) 
AND STUDY_SITE_ID_VPO IN ( SELECT STUDY_SITE_ID_VPO 
                            FROM ESB_V_STUDY_SITE 
                            WHERE STUDY_SITE_EID like :siteRef 
                            ) 
AND STATUS = 'DRAFT']]></SQLQuery>
  <ViewAttribute
    Name="FormId"
    IsUpdateable="false"
    IsPersistent="false"
    PrecisionRule="true"
    Type="java.math.BigDecimal"
    ColumnType="NUMBER"
    AliasName="FORM_ID"
    Expression="FORM_ID"
    SQLType="NUMERIC"/>
  <AttrArray Name="KeyAttributes">
    <Item Value="FormId"/>
  </AttrArray>
  <ResourceBundle>
    <PropertiesBundle
      PropertiesFile="vpomodel.VPORESTModelBundle"/>
  </ResourceBundle>
</ViewObject>
