<?xml version="1.0" encoding="windows-1252" ?>
<!DOCTYPE ViewObject SYSTEM "jbo_03_01.dtd">
<!---->
<ViewObject
  xmlns="http://xmlns.oracle.com/bc4j"
  Name="ShowFrstnLastNme"
  Version="12.2.1.12.24"
  InheritPersonalization="merge"
  BindingStyle="OracleName"
  CustomQuery="true"
  PageIterMode="Full">
  <DesignTime>
    <Attr Name="_isExpertMode" Value="true"/>
  </DesignTime>
  <Properties>
    <SchemaBasedProperties>
      <LABEL
        ResId="vpomodel.vo.ShowFrstnLastNme_LABEL"/>
    </SchemaBasedProperties>
  </Properties>
  <Variable
    Name="studySiteId"
    Kind="where"
    Type="java.lang.String"/>
  <Variable
    Name="studyCodeAlias"
    Kind="where"
    Type="java.lang.String"/>
  <Variable
    Name="countryCode"
    Kind="where"
    Type="java.lang.String"/>
  <SQLQuery><![CDATA[SELECT DISTINCT  P.PERSONNEL_ID ,P.FORENAME  || ' ' ||  P.SURNAME 
FROM ESB_V_STUDY_SITE_PERSONNEL SSP,ESB_V_PERSONNEL P 
WHERE  
P.PERSONNEL_EID=SSP.PERSONNEL_EREF 
AND SSP.STUDY_SITE_ID= :studySiteId 
AND SSP.STUDY_CODE_ALIAS like :studyCodeAlias  
AND SSP.COUNTRY_CODE like :countryCode  
UNION 
 
SELECT DISTINCT PD.PERSONNEL_USER_ID,PD.FIRST_NAME  || ' ' || PD.SURNAME  
FROM PERSONNEL_DETAILS PD 
WHERE PD.PERSONNEL_ID 
IN( 
SELECT UM.PERSONNEL_ID 
FROM USER_MASTER UM 
WHERE UM.USER_ID IN ( 
SELECT DISTINCT URD.TO_USER_ID 
FROM USER_ROLE_DELEGATION URD,STUDY_SITE_DELEGATION SSD 
WHERE  
URD.DELEGATION_ID=SSD.DELGATION_ID 
AND SSD.STUDY_SITE_ID_VPO IN  
(SELECT SS.STUDY_SITE_ID_VPO 
FROM ESB_V_STUDY_SITE SS 
WHERE SS.STUDY_SITE_ID= :studySiteId 
AND SS.STUDY_CODE_ALIAS like :studyCodeAlias   
AND SS.COUNTRY_CODE like :countryCode    
) 
) 
)]]></SQLQuery>
  <ViewAttribute
    Name="PersonnelId"
    IsUpdateable="false"
    IsPersistent="false"
    PrecisionRule="true"
    Precision="255"
    Type="java.lang.String"
    ColumnType="VARCHAR2"
    AliasName="PERSONNEL_ID"
    Expression="PERSONNEL_ID"
    SQLType="VARCHAR">
    <DesignTime>
      <Attr Name="_DisplaySize" Value="50"/>
    </DesignTime>
  </ViewAttribute>
  <ViewAttribute
    Name="NoName"
    IsUpdateable="false"
    IsPersistent="false"
    PrecisionRule="true"
    Precision="61"
    Type="java.lang.String"
    ColumnType="VARCHAR2"
    SQLType="VARCHAR">
    <DesignTime>
      <Attr Name="_DisplaySize" Value="61"/>
    </DesignTime>
  </ViewAttribute>
  <AttrArray Name="KeyAttributes">
    <Item Value="PersonnelId"/>
  </AttrArray>
  <ResourceBundle>
    <PropertiesBundle
      PropertiesFile="vpomodel.VPORESTModelBundle"/>
  </ResourceBundle>
</ViewObject>
