<?xml version="1.0" encoding="UTF-8" ?>
<!DOCTYPE ViewObject SYSTEM "jbo_03_01.dtd">
<!---->
<ViewObject
  xmlns="http://xmlns.oracle.com/bc4j"
  Name="TrialsSummaryVO2"
  Version="12.2.1.9.14"
  InheritPersonalization="merge"
  BindingStyle="OracleName"
  CustomQuery="true"
  PageIterMode="Full">
  <DesignTime>
    <Attr Name="_isExpertMode" Value="true"/>
  </DesignTime>
  <Properties>
    <SchemaBasedProperties>
      <LABEL
        ResId="vpomodel.vo.TrialsSummaryVO2_LABEL"/>
    </SchemaBasedProperties>
  </Properties>
  <Variable
    Name="trials2_personnelId"
    Kind="where"
    Type="java.lang.String"/>
  <Variable
    Name="trials2_regionalId"
    Kind="where"
    Type="java.lang.String"/>
  <SQLQuery><![CDATA[SELECT  DISTINCT  
        SSP1.STUDY_CODE_ALIAS,  
        SSP1.STUDY_SITE_ID,   
        ( SELECT    P.FORENAME || ' '|| P.SURNAME  FROM      ESB_V_PERSONNEL P  WHERE     P.PERSONNEL_ID = SSP1.PERSONNEL_ID ) AS INVESTIGATOR_NAME,  
        NVL((SELECT  COUNT(1) FROM VENDOR_FORM VF   
		WHERE  VF.STUDY_SITE_ID_VPO = SS.STUDY_SITE_ID_VPO   
		AND     UPPER(VF.CREATED_BY) like :trials2_personnelId  
		GROUP BY  VF.STUDY_SITE_ID_VPO  ),0) PENDING_FORMS,  
        0 PENDING_SHIPMENT,  
        (0 + (NVL((SELECT  COUNT(1) FROM VENDOR_FORM VF   
		WHERE  VF.STUDY_SITE_ID_VPO = SS.STUDY_SITE_ID_VPO   
		AND     UPPER(VF.CREATED_BY) like :trials2_personnelId  
		GROUP BY  VF.STUDY_SITE_ID_VPO  ),0))) AS TOTAL_ACTION  
FROM    ESB_V_STUDY_SITE_PERSONNEL SSP1,  
        ESB_V_STUDY_SITE SS  
WHERE   SSP1.STUDY_SITE_EREF = SS.STUDY_SITE_EID  
AND     SSP1.ROLE_AT_SITE_LVL_CODE like :trials2_regionalId  
AND     SS.STUDY_SITE_STATUS_CODE                    IN ('ACT','PLN')  
AND     ( SSP1.STUDY_CODE_ALIAS,SSP1.STUDY_SITE_ID ) IN (   SELECT  DISTINCT  SSP.STUDY_CODE_ALIAS,  SSP.STUDY_SITE_ID  
                                                            FROM    ESB_V_STUDY_SITE_PERSONNEL SSP  
                                                            WHERE   SSP.PERSONNEL_ID like :trials2_personnelId  
                                                        )]]></SQLQuery>
  <ViewAttribute
    Name="StudyCodeAlias"
    IsUpdateable="false"
    IsPersistent="false"
    PrecisionRule="true"
    Precision="255"
    Type="java.lang.String"
    ColumnType="VARCHAR2"
    AliasName="STUDY_CODE_ALIAS"
    Expression="STUDY_CODE_ALIAS"
    SQLType="VARCHAR">
    <DesignTime>
      <Attr Name="_DisplaySize" Value="20"/>
    </DesignTime>
  </ViewAttribute>
  <ViewAttribute
    Name="StudySiteId"
    IsUpdateable="false"
    IsPersistent="false"
    PrecisionRule="true"
    Precision="10"
    Type="java.lang.String"
    ColumnType="VARCHAR2"
    AliasName="STUDY_SITE_ID"
    Expression="STUDY_SITE_ID"
    SQLType="VARCHAR">
    <DesignTime>
      <Attr Name="_DisplaySize" Value="10"/>
    </DesignTime>
  </ViewAttribute>
  <ViewAttribute
    Name="InvestigatorName"
    IsUpdateable="false"
    IsPersistent="false"
    PrecisionRule="true"
    Precision="61"
    Type="java.lang.String"
    ColumnType="VARCHAR2"
    AliasName="INVESTIGATOR_NAME"
    Expression="INVESTIGATOR_NAME"
    SQLType="VARCHAR">
    <DesignTime>
      <Attr Name="_DisplaySize" Value="61"/>
    </DesignTime>
  </ViewAttribute>
  <ViewAttribute
    Name="PendingForms"
    IsUpdateable="false"
    IsPersistent="false"
    PrecisionRule="true"
    Type="java.math.BigDecimal"
    ColumnType="NUMBER"
    AliasName="PENDING_FORMS"
    Expression="PENDING_FORMS"
    SQLType="NUMERIC"/>
  <ViewAttribute
    Name="PendingShipment"
    IsUpdateable="false"
    IsPersistent="false"
    PrecisionRule="true"
    Type="java.math.BigDecimal"
    ColumnType="NUMBER"
    AliasName="PENDING_SHIPMENT"
    Expression="PENDING_SHIPMENT"
    SQLType="NUMERIC"/>
  <ViewAttribute
    Name="TotalAction"
    IsUpdateable="false"
    IsPersistent="false"
    PrecisionRule="true"
    Type="java.math.BigDecimal"
    ColumnType="NUMBER"
    AliasName="TOTAL_ACTION"
    Expression="TOTAL_ACTION"
    SQLType="NUMERIC"/>
  <AttrArray Name="KeyAttributes">
    <Item Value="StudySiteId"/>
  </AttrArray>
  <ResourceBundle>
    <PropertiesBundle
      PropertiesFile="vpomodel.VPORESTModelBundle"/>
  </ResourceBundle>
</ViewObject>
