<?xml version="1.0" encoding="UTF-8" ?>
<!DOCTYPE ViewObject SYSTEM "jbo_03_01.dtd">
<!---->
<ViewObject
  xmlns="http://xmlns.oracle.com/bc4j"
  Name="UserMgtHistoryDetails"
  Version="12.2.1.9.14"
  InheritPersonalization="merge"
  BindingStyle="OracleName"
  CustomQuery="true"
  PageIterMode="Full">
  <DesignTime>
    <Attr Name="_isExpertMode" Value="true"/>
  </DesignTime>
  <Properties>
    <SchemaBasedProperties>
      <LABEL
        ResId="vpomodel.vo.UserMgtHistoryDetails_LABEL"/>
    </SchemaBasedProperties>
  </Properties>
  <Variable
    Name="usrMgtUserId"
    Kind="where"
    Type="java.lang.String"/>
  <SQLQuery><![CDATA[SELECT URDA.TO_USER_ID 
,PD.FIRST_NAME || PD.SURNAME "NAME" 
,PD.EMAIL_ADDRESS 
--,RM.ROLE_DESC  
,(SELECT RM.ROLE_DESC FROM ROLE_MASTER RM WHERE RM.ROLE_ID=URDA.ROLE_ID) ROLE_DESC 
,URDA.START_DATE 
,URDA.END_DATE 
FROM USER_ROLE_DELEGATION_AUD URDA,USER_MASTER UM,PERSONNEL_DETAILS PD,ROLE_MASTER RM 
WHERE URDA.TO_USER_ID=UM.USER_ID 
AND UM.PERSONNEL_ID=PD.PERSONNEL_ID 
AND URDA.ROLE_ID=RM.ROLE_ID 
AND URDA.FROM_USER_ID=(SELECT UM.USER_ID 
FROM PERSONNEL_DETAILS PD,USER_MASTER UM 
WHERE PD.PERSONNEL_ID=UM.PERSONNEL_ID 
AND PD.PERSONNEL_USER_ID like :usrMgtUserId)]]></SQLQuery>
  <ViewAttribute
    Name="ToUserId"
    IsUpdateable="false"
    IsPersistent="false"
    PrecisionRule="true"
    Type="java.math.BigDecimal"
    ColumnType="NUMBER"
    AliasName="TO_USER_ID"
    Expression="TO_USER_ID"
    SQLType="NUMERIC"/>
  <ViewAttribute
    Name="Name"
    IsUpdateable="false"
    IsPersistent="false"
    PrecisionRule="true"
    Precision="60"
    Type="java.lang.String"
    ColumnType="VARCHAR2"
    AliasName="NAME"
    Expression="NAME"
    SQLType="VARCHAR">
    <DesignTime>
      <Attr Name="_DisplaySize" Value="60"/>
    </DesignTime>
  </ViewAttribute>
  <ViewAttribute
    Name="EmailAddress"
    IsUpdateable="false"
    IsPersistent="false"
    PrecisionRule="true"
    Precision="120"
    Type="java.lang.String"
    ColumnType="VARCHAR2"
    AliasName="EMAIL_ADDRESS"
    Expression="EMAIL_ADDRESS"
    SQLType="VARCHAR">
    <DesignTime>
      <Attr Name="_DisplaySize" Value="120"/>
    </DesignTime>
  </ViewAttribute>
  <ViewAttribute
    Name="RoleDesc"
    IsUpdateable="false"
    IsPersistent="false"
    PrecisionRule="true"
    Precision="50"
    Type="java.lang.String"
    ColumnType="VARCHAR2"
    AliasName="ROLE_DESC"
    Expression="ROLE_DESC"
    SQLType="VARCHAR">
    <DesignTime>
      <Attr Name="_DisplaySize" Value="50"/>
    </DesignTime>
  </ViewAttribute>
  <ViewAttribute
    Name="StartDate"
    IsUpdateable="false"
    IsPersistent="false"
    PrecisionRule="true"
    Precision="50"
    Type="java.lang.String"
    ColumnType="VARCHAR2"
    AliasName="START_DATE"
    Expression="START_DATE"
    SQLType="VARCHAR">
    <DesignTime>
      <Attr Name="_DisplaySize" Value="50"/>
    </DesignTime>
  </ViewAttribute>
  <ViewAttribute
    Name="EndDate"
    IsUpdateable="false"
    IsPersistent="false"
    PrecisionRule="true"
    Precision="50"
    Type="java.lang.String"
    ColumnType="VARCHAR2"
    AliasName="END_DATE"
    Expression="END_DATE"
    SQLType="VARCHAR">
    <DesignTime>
      <Attr Name="_DisplaySize" Value="50"/>
    </DesignTime>
  </ViewAttribute>
  <AttrArray Name="KeyAttributes">
    <Item Value="ToUserId"/>
  </AttrArray>
  <ResourceBundle>
    <PropertiesBundle
      PropertiesFile="vpomodel.VPORESTModelBundle"/>
  </ResourceBundle>
</ViewObject>
