<?xml version="1.0" encoding="UTF-8" ?>
<!DOCTYPE ViewObject SYSTEM "jbo_03_01.dtd">
<!---->
<ViewObject
  xmlns="http://xmlns.oracle.com/bc4j"
  Name="UserMgtGetDetails"
  Version="12.2.1.9.14"
  InheritPersonalization="merge"
  BindingStyle="OracleName"
  CustomQuery="true"
  PageIterMode="Full">
  <DesignTime>
    <Attr Name="_isExpertMode" Value="true"/>
  </DesignTime>
  <Properties>
    <SchemaBasedProperties>
      <LABEL
        ResId="vpomodel.vo.UserMgtGetDetails_LABEL"/>
    </SchemaBasedProperties>
  </Properties>
  <Variable
    Name="usrMgtSearch"
    Kind="where"
    Type="java.lang.String"/>
  <SQLQuery><![CDATA[SELECT DISTINCT PD.PERSONNEL_USER_ID,PD.FIRST_NAME || PD.SURNAME "NAME",PD.EMAIL_ADDRESS,    
RM.ROLE_DESC,RD.MODULE_NAME    
FROM PERSONNEL_DETAILS PD,USER_MASTER UM,ROLE_MASTER RM,USER_ROLE_MAPPING URM,ROLE_DETAILS RD    
WHERE     
--PD.PERSONNEL_ID=UM.PERSONNEL_ID AND     
RM.ROLE_ID=URM.USER_ROLE_ID    
AND URM.ROLE_DET_ID=RD.ROLE_DET_ID    
AND PD.PERSONNEL_ID IN (    
SELECT DISTINCT PD.PERSONNEL_ID    
FROM ESB_V_STUDY_SITE_PERSONNEL SSP,PERSONNEL_DETAILS PD    
WHERE SSP.PERSONNEL_ID=PD.PERSONNEL_USER_ID    
AND (SSP.STUDY_CODE_ALIAS,SSP.STUDY_SITE_ID,SSP.COUNTRY_CODE)    
IN     
--DISPLAY STUDY_SITE OF PERSONNEL    
(SELECT DISTINCT SSP.STUDY_CODE_ALIAS,SSP.STUDY_SITE_ID,SSP.COUNTRY_CODE    
FROM ESB_V_STUDY_SITE_PERSONNEL SSP    
WHERE SSP.PERSONNEL_ID IN (    
 SELECT P.PERSONNEL_ID    
FROM ESB_V_PERSONNEL P    
WHERE UPPER(P.FORENAME) LIKE UPPER(:usrMgtSearch)  
OR UPPER(P.SURNAME) LIKE UPPER(:usrMgtSearch)   
OR UPPER(P.MIDDLE_NAME) LIKE UPPER(:usrMgtSearch)   
OR UPPER(P.PERSONNEL_ID) like UPPER(:usrMgtSearch)   
)    
))]]></SQLQuery>
  <ViewAttribute
    Name="PersonnelUserId"
    IsUpdateable="false"
    IsPersistent="false"
    PrecisionRule="true"
    Precision="255"
    Type="java.lang.String"
    ColumnType="VARCHAR2"
    AliasName="PERSONNEL_USER_ID"
    Expression="PERSONNEL_USER_ID"
    SQLType="VARCHAR">
    <DesignTime>
      <Attr Name="_DisplaySize" Value="50"/>
    </DesignTime>
  </ViewAttribute>
  <ViewAttribute
    Name="Name"
    IsUpdateable="false"
    IsPersistent="false"
    PrecisionRule="true"
    Precision="60"
    Type="java.lang.String"
    ColumnType="VARCHAR2"
    AliasName="NAME"
    Expression="NAME"
    SQLType="VARCHAR">
    <DesignTime>
      <Attr Name="_DisplaySize" Value="60"/>
    </DesignTime>
  </ViewAttribute>
  <ViewAttribute
    Name="EmailAddress"
    IsUpdateable="false"
    IsPersistent="false"
    PrecisionRule="true"
    Precision="120"
    Type="java.lang.String"
    ColumnType="VARCHAR2"
    AliasName="EMAIL_ADDRESS"
    Expression="EMAIL_ADDRESS"
    SQLType="VARCHAR">
    <DesignTime>
      <Attr Name="_DisplaySize" Value="120"/>
    </DesignTime>
  </ViewAttribute>
  <ViewAttribute
    Name="RoleDesc"
    IsUpdateable="false"
    IsPersistent="false"
    PrecisionRule="true"
    Precision="50"
    Type="java.lang.String"
    ColumnType="VARCHAR2"
    AliasName="ROLE_DESC"
    Expression="ROLE_DESC"
    SQLType="VARCHAR">
    <DesignTime>
      <Attr Name="_DisplaySize" Value="50"/>
    </DesignTime>
  </ViewAttribute>
  <ViewAttribute
    Name="ModuleName"
    IsUpdateable="false"
    IsPersistent="false"
    PrecisionRule="true"
    Precision="50"
    Type="java.lang.String"
    ColumnType="VARCHAR2"
    AliasName="MODULE_NAME"
    Expression="MODULE_NAME"
    SQLType="VARCHAR">
    <DesignTime>
      <Attr Name="_DisplaySize" Value="50"/>
    </DesignTime>
  </ViewAttribute>
  <AttrArray Name="KeyAttributes">
    <Item Value="PersonnelUserId"/>
  </AttrArray>
  <ResourceBundle>
    <PropertiesBundle
      PropertiesFile="vpomodel.VPORESTModelBundle"/>
  </ResourceBundle>
</ViewObject>
