<?xml version="1.0" encoding="windows-1252" ?>
<!DOCTYPE ViewObject SYSTEM "jbo_03_01.dtd">
<!---->
<ViewObject
  xmlns="http://xmlns.oracle.com/bc4j"
  Name="ViewObj"
  Version="12.2.1.20.47"
  InheritPersonalization="merge"
  BindingStyle="OracleName"
  CustomQuery="true"
  PageIterMode="Full">
  <DesignTime>
    <Attr Name="_isExpertMode" Value="true"/>
  </DesignTime>
  <SQLQuery><![CDATA[SELECT         
PD.PERSONNEL_USER_ID "USER ID"       
,PD.FIRST_NAME || ' ' || PD.SURNAME "NAME"       
,PD.EMAIL_ADDRESS "EMAIL"       
,GET_PERSONNEL_ROLE_DESC(PD.PERSONNEL_USER_ID) ROLE_DESC       
,URD.START_DATE "FROM DATE"       
,URD.END_DATE "TO_DATE"       
,URD.FROM_USER_ID       
,URD.TO_USER_ID       
,URD.DELEGATION_ID       
,URD.UR_DELEGATION_FLAG       
FROM USER_ROLE_DELEGATION URD,PERSONNEL_DETAILS PD,USER_MASTER UM       
WHERE URD.UR_DELEGATION_FLAG IN ('D','R')       
AND PD.PERSONNEL_ID=UM.PERSONNEL_ID        
AND URD.TO_USER_ID=UM.USER_ID       
AND URD.FROM_USER_ID=       
(SELECT UM.USER_ID       
FROM USER_MASTER UM       
WHERE UM.PERSONNEL_ID=(       
SELECT PD.PERSONNEL_ID       
FROM PERSONNEL_DETAILS PD       
WHERE PD.PERSONNEL_USER_ID like :accessByMeU1))   
ORDER BY URD.CREATED_DATE DESC]]></SQLQuery>
  <ViewAttribute
    Name="UserId"
    IsUpdateable="false"
    IsPersistent="false"
    PrecisionRule="true"
    Precision="255"
    Type="java.lang.String"
    ColumnType="VARCHAR2"
    AliasName='"USER ID"'
    Expression='"USER ID"'
    SQLType="VARCHAR">
    <DesignTime>
      <Attr Name="_DisplaySize" Value="50"/>
    </DesignTime>
  </ViewAttribute>
  <ViewAttribute
    Name="Name"
    IsUpdateable="false"
    IsPersistent="false"
    PrecisionRule="true"
    Precision="61"
    Type="java.lang.String"
    ColumnType="VARCHAR2"
    AliasName="NAME"
    Expression="NAME"
    SQLType="VARCHAR">
    <DesignTime>
      <Attr Name="_DisplaySize" Value="61"/>
    </DesignTime>
  </ViewAttribute>
  <ViewAttribute
    Name="Email"
    IsUpdateable="false"
    IsPersistent="false"
    PrecisionRule="true"
    Precision="120"
    Type="java.lang.String"
    ColumnType="VARCHAR2"
    AliasName="EMAIL"
    Expression="EMAIL"
    SQLType="VARCHAR">
    <DesignTime>
      <Attr Name="_DisplaySize" Value="120"/>
    </DesignTime>
  </ViewAttribute>
  <ViewAttribute
    Name="RoleDesc"
    IsUpdateable="false"
    IsPersistent="false"
    PrecisionRule="true"
    Precision="4000"
    Type="java.lang.String"
    ColumnType="VARCHAR2"
    AliasName="ROLE_DESC"
    Expression="ROLE_DESC"
    SQLType="VARCHAR">
    <DesignTime>
      <Attr Name="_DisplaySize" Value="4000"/>
    </DesignTime>
  </ViewAttribute>
  <ViewAttribute
    Name="FromDate"
    IsUpdateable="false"
    IsPersistent="false"
    PrecisionRule="true"
    Type="java.sql.Timestamp"
    ColumnType="DATE"
    AliasName='"FROM DATE"'
    Expression='"FROM DATE"'
    SQLType="DATE"/>
  <ViewAttribute
    Name="ToDate"
    IsUpdateable="false"
    IsPersistent="false"
    PrecisionRule="true"
    Type="java.sql.Timestamp"
    ColumnType="DATE"
    AliasName="TO_DATE"
    Expression="TO_DATE"
    SQLType="DATE"/>
  <ViewAttribute
    Name="FromUserId"
    IsUpdateable="false"
    IsPersistent="false"
    PrecisionRule="true"
    Type="java.math.BigDecimal"
    ColumnType="NUMBER"
    AliasName="FROM_USER_ID"
    Expression="FROM_USER_ID"
    SQLType="NUMERIC"/>
  <ViewAttribute
    Name="ToUserId"
    IsUpdateable="false"
    IsPersistent="false"
    PrecisionRule="true"
    Type="java.math.BigDecimal"
    ColumnType="NUMBER"
    AliasName="TO_USER_ID"
    Expression="TO_USER_ID"
    SQLType="NUMERIC"/>
  <ViewAttribute
    Name="DelegationId"
    IsUpdateable="false"
    IsPersistent="false"
    PrecisionRule="true"
    Type="java.math.BigDecimal"
    ColumnType="NUMBER"
    AliasName="DELEGATION_ID"
    Expression="DELEGATION_ID"
    SQLType="NUMERIC"/>
  <ViewAttribute
    Name="UrDelegationFlag"
    IsUpdateable="false"
    IsPersistent="false"
    PrecisionRule="true"
    Precision="3"
    Type="java.lang.String"
    ColumnType="VARCHAR2"
    AliasName="UR_DELEGATION_FLAG"
    Expression="UR_DELEGATION_FLAG"
    SQLType="VARCHAR">
    <DesignTime>
      <Attr Name="_DisplaySize" Value="3"/>
    </DesignTime>
  </ViewAttribute>
  <AttrArray Name="KeyAttributes">
    <Item Value="UserId"/>
  </AttrArray>
</ViewObject>
