<?xml version="1.0" encoding="UTF-8" ?>
<!-- Generated by Oracle SOA Modeler version 12.2.1.1.0.160608 at [3/11/19 10:18 PM]. -->
<composite name="Sales"
           revision="1.0"
           label="2019-03-11_22-18-10_960"
           mode="active"
           state="on"
           xmlns="http://xmlns.oracle.com/sca/1.0"
           xmlns:xs="http://www.w3.org/2001/XMLSchema"
           xmlns:wsp="http://schemas.xmlsoap.org/ws/2004/09/policy"
           xmlns:orawsp="http://schemas.oracle.com/ws/2006/01/policy"
           xmlns:ui="http://xmlns.oracle.com/soa/designer/"
           xmlns:sca-ext="http://xmlns.oracle.com/sca/1.0-ext">
  <property name="productVersion" type="xs:string" many="false">12.2.1.1.0.160608</property>
  <property name="compositeID" type="xs:string" many="false">4a1e40b0-2554-4295-b7a4-2fa850150799</property>
  <component name="Process">
    <implementation.bpmn src="processes/Process.bpmn"/>
    <componentType/>
  </component>
</composite>
