<?xml version="1.0" encoding="UTF-8"?>
<ns0:organization xmlns:ns0="http://xmlns.oracle.com/bpm/organization" xmlns:ns2="http://xmlns.oracle.com/bpm/lpg/peopleQuery" xmlns:ns1="http://xmlns.oracle.com/bpm/identity" xmlns:ns3="http://xmlns.oracle.com/bpel/workflow/taskQuery" xmlns:ns4="http://xmlns.oracle.com/bpel/workflow/task">
   <ns0:updateExistingObjects>false</ns0:updateExistingObjects>
   <ns0:organizationalUnits/>
   <ns0:applicationRoles>
      <ns0:applicationRole id="Sales.ProcessOwner" isProcessRole="true">
         <ns1:name>Sales.Process Owner</ns1:name>
         <ns0:processRole id="ProcessOwner" name="Process Owner"/>
      </ns0:applicationRole>
      <ns0:applicationRole id="Sales.ProcessReviewer" isProcessRole="true">
         <ns1:name>Sales.Process Reviewer</ns1:name>
         <ns0:processRole id="ProcessReviewer" name="Process Reviewer"/>
      </ns0:applicationRole>
      <ns0:applicationRole id="Sales.Role" isProcessRole="true">
         <ns1:name>Sales.Role</ns1:name>
         <ns0:processRole id="Role" name="Role"/>
      </ns0:applicationRole>
   </ns0:applicationRoles>
   <ns0:applicationRoleOrgUnitCalendarAssociations/>
   <ns0:participantPropertiesList/>
   <ns0:holidayRules/>
   <ns0:calendarRules/>
   <ns0:businessParameters/>
</ns0:organization>
