<?xml version="1.0" encoding="UTF-8" standalone="yes"?>
<?oracleBPM version="12.1.3" fileRevision="20120601"?>
<processDocumentation xmlns="http://xmlns.oracle.com/bpm/taskMetadataService/processDocumentation">
   <component name="Process">
      <topicDocumentations>
         <topicDocumentation name="Process"/>
         <topicDocumentation name="ACT25073064420757">
            <labels>
               <label locale="en">check stock</label>
            </labels>
         </topicDocumentation>
         <topicDocumentation name="ACT2507306815525">
            <labels>
               <label locale="en">Accept Order</label>
            </labels>
            <descriptions>
               <description locale="en"></description>
            </descriptions>
         </topicDocumentation>
         <topicDocumentation name="ACT25073069174378">
            <labels>
               <label locale="en">Intiate Payments </label>
            </labels>
            <descriptions>
               <description locale="en"></description>
            </descriptions>
         </topicDocumentation>
         <topicDocumentation name="ACT25073081133072">
            <labels>
               <label locale="en">Reject Order</label>
            </labels>
            <descriptions>
               <description locale="en"></description>
            </descriptions>
         </topicDocumentation>
         <topicDocumentation name="ACT25073141921620">
            <labels>
               <label locale="en">Send Goods</label>
            </labels>
            <descriptions>
               <description locale="en"></description>
            </descriptions>
         </topicDocumentation>
         <topicDocumentation name="ACT25073142587048">
            <labels>
               <label locale="en">Send Invoice </label>
            </labels>
            <descriptions>
               <description locale="en"></description>
            </descriptions>
         </topicDocumentation>
         <topicDocumentation name="ACT25079238268362">
            <labels>
               <label locale="en">Send Payment Problem</label>
            </labels>
            <descriptions>
               <description locale="en"></description>
            </descriptions>
         </topicDocumentation>
         <topicDocumentation name="ACT25079243589939">
            <labels>
               <label locale="en">Send payment conformation</label>
            </labels>
            <descriptions>
               <description locale="en"></description>
            </descriptions>
         </topicDocumentation>
         <topicDocumentation name="ACT25079257360323">
            <labels>
               <label locale="en">Order Cancelled</label>
            </labels>
            <descriptions>
               <description locale="en"></description>
            </descriptions>
         </topicDocumentation>
         <topicDocumentation name="ACT25079324706961">
            <labels>
               <label locale="en"> Coustomer Communication System </label>
            </labels>
            <descriptions>
               <description locale="en"></description>
            </descriptions>
         </topicDocumentation>
         <topicDocumentation name="ACT25079341915762">
            <labels>
               <label locale="en">Order Success</label>
            </labels>
            <descriptions>
               <description locale="en"></description>
            </descriptions>
         </topicDocumentation>
         <topicDocumentation name="EVT25073064420668">
            <labels>
               <label locale="en">Order Arrives </label>
            </labels>
         </topicDocumentation>
         <topicDocumentation name="EVT25073064420698">
            <labels>
               <label locale="en">End</label>
            </labels>
         </topicDocumentation>
         <topicDocumentation name="EVT25073122648747">
            <labels>
               <label locale="en">End1</label>
            </labels>
            <descriptions>
               <description locale="en"></description>
            </descriptions>
         </topicDocumentation>
         <topicDocumentation name="GTW25073074832471">
            <labels>
               <label locale="en">Sufficient  Stock ?</label>
            </labels>
            <descriptions>
               <description locale="en"></description>
            </descriptions>
         </topicDocumentation>
         <topicDocumentation name="GTW25073134317791">
            <labels>
               <label locale="en">Split FloW</label>
            </labels>
            <descriptions>
               <description locale="en"></description>
            </descriptions>
         </topicDocumentation>
         <topicDocumentation name="GTW25073136032191">
            <labels>
               <label locale="en">Merge Flow</label>
            </labels>
         </topicDocumentation>
         <topicDocumentation name="GTW25079231347476">
            <labels>
               <label locale="en">InclusiveGateway</label>
            </labels>
         </topicDocumentation>
         <topicDocumentation name="GTW25079227329438">
            <labels>
               <label locale="en">Is Payment Ok?</label>
            </labels>
            <descriptions>
               <description locale="en"></description>
            </descriptions>
         </topicDocumentation>
         <topicDocumentation name="sf25073064420781"/>
         <topicDocumentation name="sf25073064420852"/>
         <topicDocumentation name="sf25073068755810"/>
         <topicDocumentation name="sf25073069498637"/>
         <topicDocumentation name="sf25073080093824">
            <labels>
               <label locale="en">YES</label>
            </labels>
            <descriptions>
               <description locale="en"></description>
            </descriptions>
         </topicDocumentation>
         <topicDocumentation name="sf25073115276638">
            <labels>
               <label locale="en">No</label>
            </labels>
            <descriptions>
               <description locale="en"></description>
            </descriptions>
         </topicDocumentation>
         <topicDocumentation name="sf25073124358010"/>
         <topicDocumentation name="sf25073136032143"/>
         <topicDocumentation name="sf25073136032150"/>
         <topicDocumentation name="sf25073143013695"/>
         <topicDocumentation name="sf2507314661600"/>
         <topicDocumentation name="sf25073150447835"/>
         <topicDocumentation name="sf25079260317671"/>
         <topicDocumentation name="sf25079293563161"/>
         <topicDocumentation name="sf25079298149452"/>
         <topicDocumentation name="sf25079329913834"/>
         <topicDocumentation name="sf25079344989963"/>
         <topicDocumentation name="sf25079231347811"/>
         <topicDocumentation name="sf25079231347751"/>
         <topicDocumentation name="sf25079248739138"/>
         <topicDocumentation name="sf25079247666330"/>
      </topicDocumentations>
   </component>
</processDocumentation>